pos,wt,sensitivity,best_substitution,best_llr
1,M,-11.35,M1L,-9.29
2,R,-8.18,R2K,-3.81
3,S,-5.9,S3A,-3.18
4,L,-6.73,L4V,-3.34
5,L,-5.49,L5A,-2.7
6,I,-6.01,I6V,-1.83
7,L,-8.69,L7A,-4.66
8,V,-6.88,V8A,-1.94
9,L,-9.35,L9A,-4.41
10,C,-7.44,C10L,-2.73
11,F,-7.09,F11L,-1.44
12,L,-9.53,L12F,-5.38
13,P,-10.41,P13S,-7.21
14,L,-7.31,L14V,-4.32
15,A,-7.0,A15G,-4.55
16,A,-7.48,A16T,-4.29
17,L,-4.35,L17Q,-1.22
18,G,-9.92,G18A,-3.68
19,K,-10.21,K19R,-4.3
20,V,-8.95,V20I,-4.92
21,F,-10.42,F21Y,-4.54
22,G,-6.85,G22E,-2.54
23,R,-9.18,R23K,-5.57
24,C,-14.08,C24G,-11.7
25,E,-10.93,E25D,-6.13
26,L,-12.82,L26F,-6.8
27,A,-11.06,A27V,-6.62
28,A,-5.19,A28R,-1.86
29,A,-5.46,A29T,-2.45
30,M,-9.04,M30L,1.01
31,K,-8.43,K31R,-3.87
32,R,-8.14,R32K,-4.6
33,H,-3.95,H33A,0.92
34,G,-11.18,G34N,-7.14
35,L,-12.09,L35M,-5.04
36,D,-11.2,D36N,-5.74
37,N,-7.96,N37G,-0.56
38,Y,-9.66,Y38F,-4.26
39,R,-7.52,R39Q,-4.5
40,G,-11.62,G40N,-8.37
41,Y,-8.54,Y41F,-3.7
42,S,-9.69,S42T,-4.93
43,L,-11.97,L43V,-5.63
44,G,-8.25,G44A,-1.98
45,N,-10.41,N45D,-3.17
46,W,-13.73,W46F,-8.23
47,V,-10.29,V47I,-3.45
48,C,-13.4,C48W,-10.9
49,A,-5.9,A49M,2.47
50,A,-11.36,A50V,-3.67
51,K,-6.26,K51Y,-2.23
52,F,-6.75,F52W,-2.0
53,E,-10.96,E53G,-7.59
54,S,-13.61,S54T,-8.46
55,N,-8.0,N55D,-3.84
56,F,-9.6,F56Y,-1.79
57,N,-11.79,N57D,-7.04
58,T,-11.91,T58S,-6.69
59,Q,-6.26,Q59R,-1.65
60,A,-10.33,A60V,-6.66
61,T,-8.19,T61V,-3.52
62,N,-11.94,N62H,-8.66
63,R,-8.6,R63H,-4.97
64,N,-10.08,N64L,-5.15
65,T,-4.41,T65P,-1.4
66,D,-11.92,D66N,-4.83
67,G,-11.19,G67R,-7.04
68,S,-12.44,S68T,-7.17
69,T,-7.0,T69S,-3.56
70,D,-12.87,D70N,-8.53
71,Y,-11.03,Y71H,-5.75
72,G,-13.31,G72S,-10.04
73,I,-13.05,I73L,-4.23
74,L,-9.36,L74F,1.02
75,Q,-11.65,Q75R,-9.42
76,I,-12.61,I76L,-5.49
77,N,-12.65,N77S,-7.26
78,S,-11.66,S78N,-6.8
79,R,-8.14,R79K,-4.73
80,W,-7.78,W80Y,-2.99
81,W,-13.67,W81Y,-8.98
82,C,-12.98,C82R,-9.71
83,N,-8.53,N83R,-5.09
84,D,-10.5,D84N,-5.37
85,G,-10.55,G85R,-7.92
86,R,-8.07,R86K,-4.12
87,T,-9.69,T87V,-5.88
88,P,-8.9,P88R,-6.53
89,G,-6.45,G89Y,-4.46
90,S,-8.4,S90A,-2.23
91,R,-7.42,R91K,-4.58
92,N,-11.09,N92D,-7.67
93,L,-3.67,L93A,1.41
94,C,-13.63,C94G,-11.1
95,N,-8.04,N95G,-3.63
96,I,-8.35,I96M,-3.48
97,P,-6.79,P97S,-2.62
98,C,-14.14,C98A,-11.8
99,S,-9.07,S99N,-6.0
100,A,-7.24,A100R,-3.54
101,L,-12.73,L101F,-6.98
102,L,-9.45,L102T,-6.49
103,S,-7.25,S103N,-4.05
104,S,-6.79,S104D,-2.42
105,D,-11.22,D105N,-5.53
106,I,-12.62,I106L,-6.35
107,T,-7.61,T107S,-3.82
108,A,-5.52,A108T,-3.16
109,S,-8.64,S109A,-2.8
110,V,-9.99,V110I,-2.95
111,N,-6.13,N111R,-2.55
112,C,-15.19,C112A,-12.49
113,A,-12.23,A113G,-7.15
114,K,-12.18,K114R,-6.41
115,K,-8.68,K115R,-3.09
116,I,-11.54,I116V,-2.42
117,V,-9.74,V117L,-7.05
118,S,-6.47,S118R,-1.44
119,D,-6.47,D119G,-2.55
120,G,-4.25,G120P,0.81
121,N,-6.88,N121Q,-2.98
122,G,-11.25,G122R,-8.58
123,M,-10.64,M123I,-4.39
124,N,-7.39,N124S,-3.67
125,A,-10.94,A125S,-7.29
126,W,-14.06,W126Y,-10.7
127,V,-7.66,V127I,-5.41
128,A,-10.42,A128G,-6.66
129,W,-12.56,W129Y,-7.59
130,R,-7.69,R130K,-3.66
131,N,-6.98,N131S,-4.18
132,R,-7.36,R132H,-1.99
133,C,-13.97,C133F,-11.88
134,K,-6.49,K134R,-2.68
135,G,-10.22,G135N,-5.42
136,T,-3.69,T136Q,0.69
137,D,-8.27,D137N,-3.79
138,V,-7.62,V138L,-1.92
139,Q,-3.84,Q139S,1.79
140,A,-4.77,A140S,-0.8
141,W,-7.85,W141Y,-2.29
142,I,-6.87,I142V,-2.55
143,R,-6.1,R143S,-3.32
144,G,-9.82,G144D,-5.05
145,C,-14.0,C145R,-12.22
146,R,-5.96,R146N,-2.1
147,L,-7.55,L147V,-4.34
